month_year,customer_id,growth_rate
2022-12,14,
2023-01,9,-0.3571428571428571
2023-02,19,1.1111111111111112
2023-03,16,-0.1578947368421053
2023-04,7,-0.5625
2023-05,8,0.1428571428571428
2023-06,11,0.375
2023-07,8,-0.2727272727272727
2023-08,11,0.375
2023-09,5,-0.5454545454545454
2023-10,6,0.19999999999999996
2023-11,5,-0.16666666666666663
2023-12,3,-0.4
