product_id,Total_Revenue,percent_contribution
70,7989.84,3.835532435968789
93,5760.84,2.7654982676031605
98,5637.35,2.7062167425015584
12,5567.74,2.672800377109036
67,5258.22,2.5242149236354927
94,5254.23,2.522299519269508
46,5086.71,2.4418813389713434
39,4951.98,2.3772040381620556
36,4900.855,2.3526614195628217
49,4751.17,2.2808049527652403
